{"cameraMode":{"drawMode":0,"name":"Shaded","section":"Shading Mode"},"sceneLighting":false,"audioPlay":false,"sceneViewState":{"showFog":true,"showMaterialUpdate":false,"showSkybox":true,"showFlares":true,"showImageEffects":true,"showParticleSystems":true},"in2DMode":false,"pivot":{"x":-0.5,"y":4.0652689933776859,"z":-0.4999980926513672},"rotation":{"x":-0.10384301841259003,"y":-0.7186117768287659,"z":0.10993827879428864,"w":-0.6787689924240112},"size":69.12037658691406,"orthographic":false}