{"cameraMode":{"drawMode":0,"name":"Shaded","section":"Shading Mode"},"sceneLighting":false,"audioPlay":false,"sceneViewState":{"showFog":true,"showMaterialUpdate":false,"showSkybox":true,"showFlares":true,"showImageEffects":true,"showParticleSystems":true},"in2DMode":false,"pivot":{"x":-0.007500002160668373,"y":-0.007500000298023224,"z":-0.007500000298023224},"rotation":{"x":-0.10384301841259003,"y":-0.7186117768287659,"z":0.10993827879428864,"w":-0.6787689924240112},"size":0.04858403280377388,"orthographic":false}